bin_s,comparison,mean_a,mean_b,mean_diff,method,n_a,n_b,pvalue,unit_key_a,unit_key_b
0.2,stand_vs_walk,4.816360601001669,5.843071786310517,-1.026711185308848,mannwhitney_u,599,599,6.029189579074553e-10,SPK20a,SPK20a
0.2,ohad_vs_sagi,2.9131886477462436,2.8964941569282137,0.016694490818029983,mannwhitney_u,599,599,0.8768504447824349,SPK01a,SPK01b
