bin_s,comparison,mean_a,mean_b,mean_diff,method,n_a,n_b,pvalue,unit_key
0.2,stand_vs_walk,4.816360601001669,5.843071786310517,-1.026711185308848,mannwhitney_u,599,599,6.029189579074553e-10,SPK20a
0.2,ohad_vs_sagi,2.9131886477462436,4.015025041736227,-1.1018363939899838,mannwhitney_u,599,599,2.0804293564247846e-13,SPK01a
